nama_media,website
Jabungtoday.com,https://jabungtoday.com/
Akurat.co,https://akurat.co/
bentengsumbar.com,https://www.bentengsumbar.com/
niaga.asia,https://www.niaga.asia/
mediaindonesia.com,www.mediaindonesia.com
tribun-medan.com,https://medan.tribunnews.com/
tribunpekanbaru.com,www.tribunpekanbaru.com
Kabarrakyat.id,https://kabarrakyat.id/
tribunnews.com,www.tribunnews.com
Spektroom.co.id,http://www.spektroom.co.id
suaramedianasional.com,suaramedianasional.com
TribunBanten.com,https://banten.tribunnews.com/
Sinata.id,www.sinata.id
kepridays.co.id,Kepridays.co.id
suarantb.com,www.suarantb.com
radarmalang.jawapos.com,https://radarmalang.jawapos.com
Viva.co.id,Viva.co.id
beritajatim.com,www.beritajatim.com
waspadaaceh.com,www.waspadaaceh.com
topmetro.news,topmetro.news
Bengkuluekspress.com,bekspress@gmail.com
Inews.id,https://www.inews.id/
serayunusantara.com,serayunusantara.com
Pojoksatu.id,pojoksatu.id
CentralNews.id,https://centralnews.id/
imcnews.id,https://www.imcnews.id
iniriau.com,http://www.iniriau.com/
riauonline.co.id,http://www.riauonline.co.id/
tribunmanado.co.id,manado.tribunnews.com atau tribunmanado.co.id atau tribunmanado.com
linggaupos.co.id,linggaupos.disway.id
radartegal.com,https://radartegal.com/
timesindonesia.co.id,www.timesindonesia.co.id
jakartanews.id,https://jakartanews.id/
Posmetro.co,www.posmetro.co
jurnalpatrolinews.co.id,https://jurnalpatrolinews.co.id/
jambi-independent.co.id,https://jambiindependent.disway.id/
Memorandum.co.id,memorandum.co.id
ayojakarta.com,https://www.ayojakarta.com
inversi.id,https://inversi.id/
hariandialog.co.id,hariandialog.co.id
fajarsumbar.com,www.fajarsumbar.com
halloriau.com,www.halloriau.com
Suaraindonesia.co.id,www.suaraindonesia.co.id
habari.id,https://habari.id/
indopolitika.com,www.indopolitika.com
realitasonline.id,https://realitasonline.id/
radarmojokerto.jawapos.com,https://radarmojokerto.jawapos.com/
nusantara1.id,https://nusantara1.id/
radarbogor.jawapos.com,https://radarbogor.jawapos.com/
koranmandala.com,koranmandala.com
Batamnews.co.id,www.batamnews.co.id
aktualita.co.id,https://aktualita.co.id/
PanturaPost.com,www.panturapost.com
Mediadayak.id,mediadayak.id
pojok6.id,pojok6.id
kliksumut.com,www.kliksumut.com
kalamanthana.id,www.kalamanthana.id
goriau.com,GoRiau.com
IDNTimes.com,idntimes.com
Durasi.co.id,www.durasi.co.id
Rujakpolitik.com,www.rujakpolitik.com
metro-online.co,www.metro-online.co
JPNN.com,www.jpnn.com
rakyatterkini.com,www.rakyatterkini.com
Probatam.co,www.probatam.co
ayosemarang.com,https://www.ayosemarang.com/
tempo.co,tempo.co
borneonews.co.id,https://www.borneonews.co.id/
smnnews.co.id,smnnews.co.id
Bogorupdate.com,bogorupdate.com
Gebraknews.co.id,Gebraknews.co.id
popularitas.com,www.popularitas.com
dialeksis.com,http://dialeksis.com
kupasonline.com,www.kupasonline.com
infojambi.com,INFOJAMBI.COM
Ewarta.co,www.ewarta.co
liputankini.com,https://www.liputankini.com/
swarapendidikan.co.id,swarapendidikan.co.id
riau24.com,https://www.riau24.com/
Batamclick.com,batamclick.com
Beritamerdekaonline.com,https://www.beritamerdekaonline.com/
Nusantarainfo.com,https://nusantarainfo.com/
Reportaseinvestigasi.com,https://reportaseinvestigasi.com/
Priangan.com,www.priangan.com
mcinews.id,mcinews.id
bogorone.co.id,https://bogorone.co.id/
kabartrenggalek.com,https://kabartrenggalek.com/
GOnews.id,www.gonews.id
Jatengpos.co.id,JATENGPOS.CO.ID
maklumat.id,maklumat.id
harianbangsa.net,https://harianbangsa.net
Memanggil.co,https://memanggil.co
joglojateng.com,joglojateng.com
sudutkota.id,www.sudutkota.id
jateng.tribunnews.com,https://jateng.tribunnews.com/
Hukumonline.com,www.hukumonline.com
klikwarta.com,Klikwarta.com
cakaplah.com,www.cakaplah.com
genpi.co,www.genpi.co
radarjombang.jawapos.com,www.radarjombang.jawapos.com
ayobandung.com,https://www.ayobandung.com/
Bitvonline.com,www.bitvonline.com
wartalive.co.id,wartalive.co.id
hariansib.com,"www,hariansib.com"
kabaronline.co.id,www.kabaronline.co.id
lampungtelevisi.com,www.lampungtelevisi.com
dutametro.com,dutametro.com
terusterang.id,https://terusterang.id/
Sinpo.id,www.sinpo.id
TribunnewsBogor.com,https://bogor.tribunnews.com/
kuninganmass.com,https://kuninganmass.com/
radarcirebon.disway.id,https://radarcirebon.disway.id/
ntbsatu.com,www.ntbsatu.com
Pasundanekspres.id,https://pasundanekspres.id/
Alankanews.com,https://alankanews.com/
kabariku.com,www.kabariku.com
Ayobandung.id,https://www.ayobandung.id/
Jabarekspres.com,jabarekspres.com
orbitdigitaldaily.com,orbitdigitaldaily.com
gpriority.co.id,www.gpriority.co.id
Realita.co,www.realita.co
beritanasional.com,https://beritanasional.com/
bogor-today.com,https://bogor-today.com/
BorneoFlash.com,BorneoFlash.com
coverpublik.com,https://www.coverpublik.com/
aktualitas.id,www.aktualitas.id
panennews.com,panennews.com
Hibata.id,https://hibata.id
kitakini.news,https://kitakini.news/
seputarpapua.com,seputarpapua.com
beritasampit.com,https://beritasampit.com/
RiauPos.co,www.riaupos.co
riaumandiri.co,www.riaumandiri.co
erakini.id,https://erakini.id/
sumeks.co,www.sumeks.co
hulondalo.id,https://www.hulondalo.id/
baliexpress.jawapos.com,baliexpress.jawapos.com
Rmolaceh.id,www.rmolaceh.id
selalu.id,selalu.id
teropongnews.com,teropongnews.com
Narasiberita.co.id,https://narasiberita.co.id/
radardepok.com,www.radardepok.com
Olenka.id,https://olenka.id/
mpnindonesia.com,https://mpnindonesia.com/
beritaprioritas.com,www.beritaprioritas.com
OrbitIndonesia.com,https://orbitindonesia.com/
banjarbaruklik.com,https://www.banjarbaruklik.com/
suaramedianasional.co.id,suaramedianasional.co.id
diskursusnetwork.com,https://diskursusnetwork.com/
smol.id,smol.id
lenteraesai.id,www.lenteraesai.id
sumselupdate.com,www.sumselupdate.com
radarjember.jawapos.com,radarjember.jawapos.com
KabarTamiang.com,www.kabartamiang.com
jurnalkalimantan.com,jurnalkalimantan.com
Suaragong.com,www.suaragong.com
Nusantaraterkini.co,Nusantaraterkini.co
Ayokaltim.com,https://ayokaltim.com/
Sidakpost.id,sidakpost.id
seputarborneo.com,seputarborneo.com
Ibukotakini.com,https://ibukotakini.com
sagoetv.com,https://sagoetv.com/
Lampungpro.co,https://lampungpro.co/
sekilasmedia.com,sekilasmedia.com
radarbali.id,radarbali.jawapos.com
sulutnews.com,www.sulutnews.com
kumparan.com,www.kumparan.com
radarcianjur.com,www.radarcianjur.com
radarkarawang.id,radarkarawang.id
antaranews.com,"antaranews.com, korporat.antaranews.com"
mili.id,mili.id
datakepri.com,datakepri.com
merahputih.com,www.merahputih.com
Populinews.com,https://populinews.com
Indonesiaraja.com,www.indonesiaraja.com
Beritajateng.id,beritajateng.id
siberbengkulu.co,https://siberbengkulu.co/
Medcom.id,https://www.medcom.id
riauin.com,www.riauin.com
katadata.co.id,www.katadata.co.id
halopos.id,https://halopos.id/
rmollampung.id,rmollampung.id
Radarsatu.com,www.radarsatu.com
siberzone.id,www.siberzone.id
Jatimpos.co,http://jatimpos.co
nadariau.com,WWW.NADARIAU.COM
Riauaktual.com,Riauaktual.com
KabarMedan.com,www.kabarmedan.com
curupekspress.disway.id,https://curupekspress.disway.id/
kilas.co.id,https://kilas.co.id
nusantaratv.com,www.nusantaratv.com
katakaltim.com,www.katakaltim.com
pikiran-rakyat.com,pikiran-rakyat.com
redaksi9.com,www.redaksi9.com
Newsikal.com,newsikal.com
Kaltimkita.com,www.kaltimkita.com
Kapanlagi.com,www.kapanlagi.com
AJNN.net,www.ajnn.net
headlinekaltim.co,www.headlinekaltim.co
perspectivesnews.com,http://perspectivesnews.com
serambinews.com,www.serambinews.com
Komparatif.id,https://komparatif.id/
Gresiksatu.com,www.gresiksatu.com
Bola.net,https://www.bola.net/
Kbr.id,https://kbr.id/
RMOL.ID,www.rmol.id
Pintoe.co,https://pintoe.co/
Projectmultatuli.org,projectmultatuli.org
Ntvnews.id,ntvnews.id
daulat.co,daulat.co
Otosia.com,https://www.otosia.com
prokal.co,https://prokal.co/
Jambiseru.com,https://www.jambiseru.com/
liputan6.com,www.liputan6.com
hargo.co.id,hargo.co.id
TribunSolo.com,solo.tribunnews.com
bumntrack.co.id,www.bumntrack.co.id
Beritarafflesia.com,beritarafflesia.com
aktual.com,www.aktual.com
zonakota.com,www.zonakota.com
Beritakaltim.co,http://www.beritakaltim.co
Go-Pena.id,https://go-pena.id/
Timurterkini.com,www.timurterkini.com
Relung.id,www.relung.id
Fimela.com,fimela.com
holopis.com,https://holopis.com
berauterkini.co.id,https://berauterkini.co.id/
Jatengnews.id,https://www.jatengnews.id/
keprinews.co,https://keprinews.co/
editorialkaltim.com,editorialkaltim.com
Harianmuria.com,harianmuria.com
ikobengkulu.com,www.ikobengkulu.com
Bola.com,https://www.bola.com/
KabarBursa.com,kabarbursa.com
indozone.id,www.indozone.id
merdeka.com,www.merdeka.com
telusur.co.id,www.telusur.co.id
ciremaitoday.com,ciremaitoday.com
detail.id,detail.id
radarsurabaya.jawapos.com,radarsurabaya.jawapos.com
radarmukomuko.disway.id,radarmukomuko.com
Selimburcaya.com,https://selimburcaya.com
pewartapos.com,https://www.pewartapos.com/
Kepri.co.id,https://Kepri.co.id
sewaktu.com,sewaktu.com
ceposonline.com,"www,ceposonline.com"
harianmemokepri.com,harianmemokepri.com
Alreinamedia.com,www.alreinamedia.com
suarainvestor.com,www.suarainvestor.com
Liputanesia.co.id,https://www.liputanesia.co.id
jurnalterkini.id,jurnalterkini.id
`Lintaskepri.com,Lintaskepri.com
Kanalinspirasi.com,https://kanalinspirasi.com/
Pedomanbengkulu.com,www.pedomanbengkulu.com
historia.id,https://historia.id/
Mannanesia.com,https://www.mannanesia.com/
harianhaluankepri.com,www.harianhaluankepri.com
Medianesia.id,https://medianesia.id/
NOA.co.id,https://www.noa.co.id/
Fakta.com,https://fakta.com/
Kilat.com,www.kilat.com
Heaptalk.com,heaptalk.com
Elnews.id,https://elnews.id
SuaraBaru.id,SuaraBaru.id
Rilis.id,https://rilis.id/
indojayanews.com,www.indojayanews.com
Kediripedia.com,Kediripedia.com
Inforadar.disway.id,www.inforadar.disway.id
sumselheadline.com,"sumselheadline,com"
radarbanten.co.id,www.radarbanten.co.id
sejahtera.co,sejahtera.co
kabarbireuen.com,www.kabarbireuen.com
jurnalborneo.com,https://jurnalborneo.com/
Sulawesitoday.com,sulawesitoday.com
kabarmakassar.com,www.kabarmakassar.com
Indragirione.com,www.indragirione.com
kalimantanlive.com,htpps://kalimantanlive.com
ivoox.id,ivoox.id
Radarsemarang.id,https://radarsemarang.jawapos.com/
deduktif.id,deduktif.id
Berkatnewstv.com,https://berkatnewstv.com
parboaboa,parboaboa.com
Radarseluma.Disway.id,radarselumaonline.com
TribunPalu.com,palu.tribunnews.com
TribunGorontalo.com,https://gorontalo.tribunnews.com/
TribunTernate.com,TribunTernate.com
Kaltimfaktual.co,www.kaltimfaktual.co
prokalteng.co,https://prokalteng.co
kabarbaik.co,https://kabarbaik.co
nukilan.id,https://nukilan.id/
Minanews.net,minanews.net
mediabengkulu.id,www.mediabengkulu.id
teropongpublik.co.id,http://www.teropongpublik.co.id
Lintasterkini.com,lintasterkini.com
Ekbisbanten.com,Ekbisbanten.com
Mojok.co,mojok.co
radarbengkulu.disway.id,https://radarbengkulu.disway.id
Pinusi.com,pinusi.com
mediasinardunia.com,https://mediasinardunia.com/
Tribun-Sulbar.com,https://sulbar.tribunnews.com/
salampapua.com,www.salampapua.com
radarbandung.id,https://radarbandung.id
Bengkulunetwork.com,www.bengkulunetwork.com
investortrust.id,www.investortrust.id
hariankepri.com,www.hariankepri.com
ampar.id,https://ampar.id/
investigasi.news,investigasi.news
radartasik.disway.id,radartasik.disway.id
hariandaerah.com,https://hariandaerah.com/
Metaranews.co,metaranews.co
metrodaily.jawapos.com,https://metrodaily.jawapos.com/
Jateng.disway.id,https://jateng.disway.id
Lingkar.news,https://lingkar.news
Insertlive.com,https://www.insertlive.com/
wartatransparansi.com,https://www.wartatransparansi.com/
terasjakarta.id,https://terasjakarta.id/
bangkapos.com,bangkapos.com
Redaksi8.com,www.redaksi8.com
HabarKalimantan.Com,https://habarkalimantan.com/
Jurnalis.co.id,www.jurnalis.co.id
Penarafflesia.com,www.penarafflesia.com
lenterakalimantan.com,www.lenterakalimantan.com
pojokbanua.com,pojokbanua.com
Kuyou.id,https://kuyou.id/
pangannews.id,www.pangannews.id
seputarfakta.com,seputarfakta.com
ceriatv.co.id,www.ceriatv.co.id
Tribun-Timur.com,tribun-timur.com
TribunnewsSultra.com,https://sultra.tribunnews.com/
rbtv.disway.id,rbtv.disway.id
Teropongmedia.id,www.teropongmedia.id
habaaceh.id,habaaceh.id
Tajuk.news,www.tajuk.news
Kabarterdepan.com,https://kabarterdepan.com/
divianews.com,http://divianews.com
Banuatv.com,www.banuatv.com
siberspace.id,www.siberspace.id
RJNews.id,https://rjnews.id/
Titikkata.id,https://titikkata.com/ https://titikkata.id/
gemapos.id,www.gemapos.id
suarasurabaya.net,WWW.SUARASURABAYA.NET
Metropolitan.id,METROPOLITAN.ID
Farah.id,www.farah.id
radarsuara.com,https://www.radarsuara.com/
indoposco.id,www.indoposco.id
idxchannel.com,https://www.idxchannel.com/
Kalimantanpost.com,www.kalimantanpost.com
insidepontianak.com,https://insidepontianak.com
busam.id,www.busam.id
Kontan.co.id,https://www.kontan.co.id
Bithe.co,www.bithe.co
WahanaNews.co,www.wahananews.co
Beritajateng.tv,https://beritajateng.tv/
tribunsumsel.com,www.tribunsumsel.com
putraindonews.com,www.putraindonews.com
Ulasan.co,www.ulasan.co
herald.id,herald.id
diksimerdeka.com,www.diksimerdeka.com
ISBCenter.com,https://www.isbcenter.com/
harapanrakyat.com,https://www.harapanrakyat.com/
Malangposcomedia.id,www.malangposcomedia.id
kaltara.tribunnews.com,https://kaltara.tribunnews.com/redaksi
Kabarpas.com,www.kabarpas.com
Bolasport.com,Bolasport.com
mcwnews.com,www.mcwnews.com
kompas.com,www.kompas.com
blok-a.com,blok-a.com
TribunPadang.com,padang.tribunnews.com
TribunAmbon.com,https://ambon.tribunnews.com/
radarbanjarmasin.jawapos.com,radarbanjarmasin.jawapos.com
realitapost.com,http://www.realitapost.com/
Tribunbengkulu.com,https://bengkulu.tribunnews.com/
Ketik.co.id,https://ketik.co.id/
ayopalembang.com,https://www.ayopalembang.com/
sinarperbatasan.com,sinarperbatasan.com
j5newsroom.com,https://j5newsroom.com/
transkepri.com,www.transkepri.com
radarinformasinews.com,https://radarinformasinews.com/
ipol.id,https://ipol.id
mimbaronline.com,mimbaronline.com
diskursusnetwork.com,www.diskursusnetwork.com
Beritakita1.click,https://beritakita1.click/
Solusi-news.com,https://www.solusi-news.com/
nu.or.id,https://www.nu.or.id/
krjogja.com,www.krjogja.com
betv.disway.id,http://betv.disway.id
Matakalteng.com,www.matakalteng.com
kutipan.co,kutipan.co
lensanusantara.co.id,https://lensanusantara.co.id/
Jernih.id,https://www.jernih.id/
dialogindonesia.com,dialogindonesia.com
vnews.click,www.vnews.click
mediasatunews.com,mediasatunews.com
DetikManado.com,www.detikmanado.com
Detiksumsel.com,https://www.detiksumsel.com/
mycity.co.id,https://mycity.co.id/
tribunpontianak.co.id,https://pontianak.tribunnews.com/
Mjnews.Id,https://www.mjnews.id
bonepos.com,www.bonepos.com
radarbanyumas.disway.id,radarbanyumas.co.id
jawapos.com,https://jawapos.com
republika.co.id,https://www.republika.co.id/
kaltengekspres.com,https://kaltengekspres.com
inilah.com,inilah.com
serayunews.com,Serayunews.com
jatim.tribunnews.com,https://jatim.tribunnews.com
gotvnews.co.id,www.gotvnews.co.id
gemasulawesi.com,gemasulawesi.com
banjarmasinpost.co.id,www.banjarmasinpost.co.id
HabaNusantara.net,habanusantara.net
1tulah.com,https://www.1tulah.com
sinarpidie.co,sinarpidie.co
Koranbanjar.net,www.koranbanjar.net
kliktimes.com,www.kliktimes.com
AcehEkspres.com,https://acehekspres.com
beritabersatu.com,www.beritabersatu.com
Akurasi.id,www.akurasi.id
Bolmongraya.co,https://bolmongraya.co
Bolmongpost.com,www.bolmongpost.com
Totabuan.news,https://totabuan.news
sulawesion.com,www.sulawesion.com
infototabuan.com,www.infototabuan.com
Liputanbmr.com,liputanbmr.com
Detotabuan.com,https://detotabuan.com/
Mediatotabuan.co,www.mediatotabuan.co
informasiterpercaya.com,www.informasiterpercaya.com
indonesiainteraktif.com,indonesiainteraktif.com
halosumsel.co.id,Halosumsel. Co. Id
Beritatotabuan.com,www.beritatotabuan.com
Fixsnews.co.id,Fixsnews.co.id
Viral24.co.id,www.viral24.co.id
sakanews.com,www.sakanews.com
kroniktotabuan.com,https://kroniktotabuan.com/
kaltengonline.com,kaltengonline.com
Beritabatam.com,https://www.beritabatam.com/
Bintangpost.com,Bintangpost.com
eranasional.com,Eranasional.com
akselnews.com,www.akselnews.com
sulselekspres.com,https://sulselekspres.com/
bacapesan.com,www.bacapesan.com
ujungjari.com,www.ujungjari.com
abatanews.com,https://abatanews.com/
bogor-kita.com,bogor-kita.com
suaradewata.com,www.suaradewata.com
kilasbali.com,www.kilasbali.com
beritabuana.co,https://www.beritabuana.co
rmolsumut.id,rmolsumut.id
inilahmedan.com,inilahmedan.com
fajarsumatera.co.id,fajarsumatera.co.id
PancarPOS.com,www.pancarpos.com
narasinews.id,www.narasinews.id
Updatebali.com,https://updatebali.com
Penasultra.id,www.penasultra.id
pantau.com,www.pantau.com
podiumnews.com,https://podiumnews.com/
jurnas.com,www.jurnas.com
katakini.com,www.katakini.com
poskota.co.id,www.poskota.co.id
Musinews.id,https://www.musinews.id/
ariranews.com,www.ariranews.com
RiauBISA.com,https://www.riaubisa.com/
Beritariau.com,https://www.beritariau.com/
alurnews.com,alurnews.com
ftnews.co.id,www.ftnews.co.id
infoindonesia.id,infoindonesia.id
dumaiposnews.com,dumaiposnews.com
sinpo.id,www.sinpo.id
ceklissatu.com,www.ceklissatu.com
valoranews.com,https://valoranews.com
sumateranews.co.id,https://sumateranews.co.id
masapnews.com,masapnews.com
Metrobatam.com,Metrobatam.com
Portalsatu.com,http://portalsatu.com
Intimnews.com,www.intimnews.com
Kaltengterkini.co.id,https://kaltengterkini.co.id
mediaprospek.com,http/www.mediaprospek.com
Bitnews.id,www.bitnews.id
disway.id,disway.id
Kendarinews.com,kendarinews.com
Kupastuntas.co,www.kupastuntas.co
sentralberita.com,sentralberita.com
ignnews.id,https://ignnews.id/
rm.id,https://svr.rmco.id:2096
metropublik.com,metropublik.com
sumut24.co,www.sumut24.co
penarakyat.com,www.penarakyat.com
terdepan.co.id,https://terdepan.co.id/
ligo.id,ligo.id
harianjogja.com,www.harianjogja.com
Murianews.com,www.murianews.com
segmennews.com,www.segmennews.com
Monitorriau.com,www.monitorriau.com
enimekspres.co.id,enimekspres.co.id
era.id,https://www.era.id/
balanganews.com,https://balanganews.com
Lensabangkabelitung.com,www.lensabangkabelitung.com
kanal9.id,kanal9.id
radarjogja.jawapos.com,radarjogja.jawapos.com
Sariagri.id,sariagri.id
Riau1.com,https://www.riau1.com
PredikatNews.com,predikatnews.com
sudutpandang.id,www.sudutpandang.id
monitorindonesia.com,www.monitorindonesia.com
Koranseruya.com,www.koranseruya.com
suarapublik.id,https://suarapublik.id/
Mediatrias.com,http://mediatrias.com
mitratoday.com,mitratoday.com
detikglobalnews.com,www.detikglobalnews.com
gerbangindonesia.co.id,www.gerbangindonesia.co.id
halosulsel.com,www.halosulsel.com
beritanasional.id,www.beritanasional.id
Tekape.co,https://tekape.co/
rakyat.news,https://rakyat.news/
NusaDaily.com,nusadaily.com
Kabardesa.co.id,www.kabardesa.co.id
infosulawesi.com,infosulawesi.com
jatimsmart.id,jatimsmart.id
bangsaonline.com,www.bangsaonline.com
faktabanten.co.id,www.faktabanten.co.id
Pesanku.co.id,www.pesanku.co.id
Klikjatim.com,https://klikjatim.com
beritabangsa.id,https://www.beritabangsa.id/
megapolitanpos.com,www.megapolitanpos.com
Ritmee.co.id,www.ritmee.co.id
liputanoke.com,www.liputanoke.com
okesulsel.com,www.okesulsel.com
teraskata.com,teraskata.com
Mediabahana.com,www.mediabahana.com
lintascelebes.com,www.lintascelebes.com
Bataminfo.co.id,www.bataminfo.co.id
wajoterkini.com,www.wajoterkini.com
JATIMNOW.COM,www.jatimnow.com
penapost.co.id,https://penapost.net/
blokbojonegoro.com,www.blokbojonegoro.com
blokTuban.com,www.blokTuban.com
matatelinga.com,www.matatelinga.com
Memontum.com,https://memontum.com/
suarasiber.com,https://suarasiber.com/
Selasar.co,Https://selasar.co
Jalurnews.com,jalurnews.com
mimbarpublik.com,mimbarpublik.com
bacaini.id,bacaini.id
kepribetter.com,kepribetter.com
Katasatu.co.id,https://katasatu.co.id/
kabar6.com,Kabar6.com
Radarmandalika.id,radarmandalika.id
bogordaily.net,https://bogordaily.net/
klikmetro.com,www.klikmetro.com
Berkabarnews.com,www.berkabarnews.com
suaraserumpun.com,https://suaraserumpun.com/
suryapagi.com,suryapagi.com
Wartabromo.com,www.wartabromo.com
Pusaranupdate.com,pusaranupdate.com
kaltimtoday.co,www.kaltimtoday.co
Swakarya.com,https://swakarya.com/
nawacita.co,nawacita.co
Independennews.com,www.independennews.com
infokepri.com,www.infokepri.com
teritorial24.com,teritorial24.com
Kepripos.id,kepripos.id
beritanusa.com,www.beritanusa.com
eksisnews.com,https://eksisnews.com
suaraborneo.com,www.suaraborneo.com
satujuang.com,satujuang.com
kepripedia.com,kepripedia.com
kaltimkece.id,kaltimkece.id
liputankini.com,liputankini.com
pakuanraya.com,www.pakuanraya.com
seblang.com,www.seblang.com
tangselpos.id,tangselpos.id
acehvideo.tv,acehvideo.tv
mistar.id,www.mistar.id
cnnindonesia.com,www.cnnindonesia.com
upeks.co.id,upeks.co.id
Bukamatanews.id,https://bukamatanews.id/
metro7.co.id,www.metro7.co.id
sulutreview.com,sulutreview.com
Mediakaltim.com,mediakaltim.com
suarajatimpost.com,suarajatimpost.com
republiknews.co.id,republiknews.co.id
prosesnews.id,https://prosesnews.id
sulselsatu.com,https://www.sulselsatu.com
analisaaceh.com,www.analisaaceh.com
BaritaItah.co.id,baritaitah.co.id
satukanal.com,satukanal.com
jalurinfo.com,www.jalurinfo.com
Kalselpos.com,www.kalselpos.com
seru.co.id,https://seru.co.id
mediasinergi.co,mediasinergi.co
masakini.co,https://masakini.co
Borneotrend.com,www.borneotrend.com
komunikasulut.com,www.komunikasulut.com
jejakrekam.com,www.jejakrekam.com
acehportal.com,www.acehportal.com
Riliskalimantan.com,www.riliskalimantan.com
Lenteratoday.com,lenteratoday.com
kanalkalimantan.com,www.kanalkalimantan.com
benuanta.co.id,https://benuanta.co.id
theacehpost.com,https://theacehpost.com/
grapena.com,grapena.com
fajarharapan.id,www.fajarharapan.id
teras7.com,teras7.com
suarasulut.com,http://suarasulut.com
SultengTerkini.ID,http://sultengterkini.com
media.alkhairaat.id,media.alkhairaat.id
wartakotalive.com,wartakotalive.com
JatimTimes.com,www.jatimtimes.com
Pedoman.Media,https://pedoman.media/
pijarnews.com,https://www.pijarnews.com
Mitanews.co.id,mitanews.co.id
surabaya.tribunnews.com,surya.co.id / surabaya.tribunnews.com
Nomorsatukaltim.com,https://nomorsatukaltim.com/
bidiksumsel.com,bidiksumsel.com
okemedan.com,www.okemedan.com
Parepos.co.id,Parepos.co.id
tugujatim.id,tugujatim.id
tugumalang.id,www.tugumalang.id
infobanknews.com,infobanknews.com
Palembang.tribunnews.com,www.palembang.tribunnews.com
Portalmedia.id,www.portalmedia.id
Solopos.com,https://www.solopos.com/
koranperbatasan.com,https://koranperbatasan.com/
metroindonesia.co.id,metroindonesia.co.id
mandalapos.co.id,mandalapos.co.id
harianmetropolitan.co.id,harianmetropolitan.co.id
ranaipos.com,ranaipos.com
kabarterkini.co.id,kabarterkini.co.id
natindonews.com,natindonews.com
bursakota.co.id,bursakota.co.id
sumsel24.com,www.sumsel24.com
wahanaindonews.com,www.wahanaindonews.com
KabarSelebes.id,http://kabarselebes.id
kliksumatera.com,kliksumatera.com
radarbanyuwangi.jawapos.com,https://radarbanyuwangi.jawapos.com atau radarbanyuwangi.id
GoKepri.com,https://gokepri.com/
tabikpun.com,www.tabikpun.com
wowbabel.com,https://www.wowbabel.com
Cakrawala.co,https://cakrawala.co/
Warta9.com,https://warta9.com
Okeyboz.com,okeyboz.com
cnbcindonesia.com,cnbcindonesia.com
Sorot.co,www.sorot.co
jurnalisbengkulu.com,www.jurnalisbengkulu.com
onlinekoe.com,www.onlinekoe.com
buanapagi.com,www.buanapagi.com
digtara.com,digtara.com
viralsumsel.com,http://www.viralsumsel.com/
Wideazone.com,https://wideazone.com/
mediaadvokasi.com,https://www.mediaadvokasi.com/
metrobali.com,metrobali.com
koransn.com,www.koransn.com
Sumselindependen.com,www.sumselindependen.com
Pewarta.co,https://pewarta.co
Telisik.id,https://telisik.id/
indomerdeka.com,https://indomerdeka.com/
tribunkaltim.co,TribunKaltim.co
Poskita.id,https://www.poskita.id/
Transformasinews.com,http://www.transformasinews.com/
infosumsel.id,https://www.infosumsel.id/
suarasumsel.net,www.suarasumsel.net
koranrakyat.co.id,koranrakyat.co.id
extranews.id,www.http.//extranews.id
SuaraKarya.id,https://www.suarakarya.id/
lombokpost.jawapos.com,https://lombokpost.jawapos.com
Dulohupa.id,http://dulohupa.id/
pojokbatam.id,www.pojokbatam.id
acikepri.com,www.acikepri.com
sentralnews.com,www.sentralnews.com
owntalk.co.id,https://owntalk.co.id/
kepriglobal.com,www.kepriglobal.com
acehbisnis.com,https://www.acehbisnis.com/
anteroaceh.com,http://anteroaceh.com/
metropolis.id,http://metropolis.id/
Suarabatam.com,suarabatam.com
beritamerdeka.net,WWW.BERITAMERDEKA.NET
infosatu.co,https//www.infosatu.co
Insitekaltim.com,https//insitekaltim.com
radarmadiun.co.id,radarmadiun.co.id
silabuskepri.co.id,www.silabuskepri.co.id
global-news.co.id,www.global-news.co.id
rakyatsulsel.co,www.rakyatsulsel.co
fajar.co.id,https://fajar.co.id/
Bizlaw.Id,bizlaw.id
Dailypost.id,http://Dailypost.id
newsnesia.id,https://newsnesia.id
readtimes.id,https://readtimes.id
emitennews.com,www.emitennews.com
SatukanIndonesia.com,www.satukanindonesia.com
batam.tribunnews.com,www.batam.tribunnews.com
hmstimes.com,www.hmstimes.com
Intipnews.com,Intipnews.com
lensakalteng.com,lensakalteng.com
kaltengtoday.com,https://kaltengtoday.com/
gerakkalteng.com,gerakkalteng.com
Sultrademo.co,https://sultrademo.co
Medanmerdeka.com,medanmerdeka.com
Suaraindo.id,www.suaraindo.id
mbsnews.id,mbsnews.id
beritakalteng.com,www.beritakalteng.com
pusaranmedia.com,www.pusaranmedia14@gmail.com
Balinetizen.com,www.balinetizen.com
korankaltim.com,www.korankaltim.com
metrorakyat.com,https://metrorakyat.com/
GrafikaNews.com,https://grafikanews.com/
radarmadura.jawapos.com,https://radarmadura.jawapos.com/
mediaselektif.com,mediaselektif.com
majalahintrust.com,majalahintrust.com
koranmedan.online,www.koranmedan.online
membaranews.com,https://membaranews.com
BatamNow.com,www.batamnow.com
radartulungagung.jawapos.com,radartulungagung.jawapos.com
Lensaindonesia.com,www.lensaindonesia.com
radarbromo.co.id,radarbromo.co.id
saibumi.com,https://www.saibumi.com
askara.co,www.askara.co
majalahmataborneonews.com,www.majalahmataborneonews.com
Voi.id,www.voi.id
Sumselterkini.co.id,www.sumselterkini.co.id
suaraindonews.com,http://suaraindonews.com
matabangsa.com,matabangsa.com
inimedanbung.com,www.inimedanbung.com
hariansilampari.co.id (Silampari Online),www.hariansilampari.co.id
indosport.com,www.indosport.com
Analisadaily.com,www.analisadaily.com
radarkudus.jawapos.com,www.radarkudus.co.id; www.radarkudus.jawapos.com
medanposonline.com,www.medanposonline.com
radarlombok.co.id,www.radarlombok.co.id
radarsukabumi.com,radarsukabumi.com
mediasumutku.com,www.mediasumutku.com
radarpekalongan.co.id,www.radarpekalongan.co.id
mediaapakabar.com,www.mediaapakabar.com
Koransatu.id,Koransatu.id
Haluansumatera.com,https://haluansumatera.com/
ekspresnews.com,www.ekspresnews.com
Kabarsumbar.com,www.kabarsumbar.com
Detak-Palembang.com,DETAK-PALEMBANG.COM
mimbarumum.co.id,www.mimbarumum.co.id
Palpos.id,palpos.id
scientia.id,www.scientia.id
mentawaikita.com,www.mentawaikita.com
tobasatu.com,www.tobasatu.com
Figurnews.com,www.figurnews.com
sukabumiupdate.com,https://sukabumiupdate.com/
minangkabaunews.com,https://minangkabaunews.com
liputansumsel.com,liputansumsel.com
Haluanbanten.co.id,www.haluanbanten.co.id
pontas.id,www.pontas.id
asarpua.com,asarpua.com
Cirebonbagus.id,cirebonbagus.id
padangmedia.com,www.padangmedia.com
radarkediri.id,radarkediri.id
topsumbar.co.id,Topsumbar.co.id
Lintasmedan.com,www.Lintasmedan.com
Nawacitapost.com,www.nawacitapost.com
tribunjogja.com,jogja.tribunnews.com
biem.co,www.biem.co
satubanten.com,www.satubanten.com
inimedan.com,www.inimedan.com
Urbanasia.com,www.urbanasia.com
persepsi.co.id,www.persepsi.co.id
radarsolo.id,radarsolo.id
detakbanten.com,www.detakbanten.com
beritasatu.com,beritasatu.com
ceknricek.com,https://ceknricek.com
waspada.co.id,www.waspada.co.id
intipos.com,www.intipos.com
Progres.id,www.progres.id
agtvnews.com,https://agtvnews.com
carapandang.com,https://carapandang.com/
afederasi.com,www.afederasi.com
harianterbit.com,www.harianterbit.com
www.berandang.com,www.berandang.com
koranmemo.com,www.koranmemo.com
teropongsenayan.com,https://www.teropongsenayan.com
VISI.NEWS,VISI.NEWS
FaktualNews.co,https://faktualnews.co
Kabardaerah.com,www.kabardaerah.com
dara.co.id (daulatrakyat),https://www.dara.co.id
terabasnews.com,www.terabasnews.com
tagar.id,www.tagar.id
langgam.id,langgam.id
mediakendari.com,https://mediakendari.com
rubriksultra.com,www.rubriksultra.com
Padangkita.com,www.padangkita.com
harianhaluan.com,www.harianhaluan.com
Prokalteng.co,https://prokalteng.co
wartaniaga.com,wartaniaga.com
metrokalimantan.com,metrokalimantan.com
bakabar.com,www.bakabar.com
Klikkalsel.com,www.klikkalsel.com
kesatu.co,www.kesatu.co
indolinear.com,https://indolinear.com
Tribunlampung.co.id,Tribunlampung.co.id
rasio.co,rasio.co
barakata.id,barakata.id
dayaknews.com,https://dayaknews.com
sindonews.com,sindonews.com
kaganga.com,kaganga.com / kaganganews@gmail.com
www.smnnews.co.id,www.smnnews.co.id
Swarnanews.co.id,www.swarnanews.co.id
Pelitasumsel.com,Www.pelitasumsel.com
GoSumsel.com,www.gosumsel.com
Tatiye.id,www.tatiye.id
intens.news,www.intens.news
read.id,https://read.id
narasi.tv,www.narasi.tv
katakepri.com,katakepri.com
terkininews.com,www.terkininews.com
deltakepri.co.id,http://deltakepri.co.id/
semangatnews.com,www.semangatnews.com
topsatu.com,topsatu.com
gopos.id,https://gopos.id/
pijarkepri.com,https://pijarkepri.com/
Realitakini.com,www.realitakini.com
60dtk.com,60dtk.com
Alinea.id,Alinea.id
utamapost.co.id,www.utamapost.co.id
MEDGO.ID,www.medgo.id
metropolis.co.id,Redaksimetropolis1@gmail.com
lampungvisual.com,https://lampungvisual.com
nenemonews.com,nenemonews.com
palpres.com,palpres.com
playworld.id,https://playworld.id/
bengkulutoday.com,www.bengkulutoday.com
waspada.id,waspada.id
siagaonline.com,www.siagaonline.com
metropadang.com,http://www.metropadang.com
Batamxinwen.com,www.batamxinwen.com
kabarpublik.id,www.kabarpublik.id
rakyatbengkulu.com,www.harianrakyatbengkulu.com
siberklik.com,https://siberklik.com
bencoolentimes.com,bencoolentimes@gmail.com
Medanbisnisdaily.com,http://www.medanbisnisdaily.com
acehtrend.com,https://www.acehtrend.com/
infobanua.co.id,http://infobanua.co.id
marwahkepri.com,www.marwahkepri.com
uzone.id,www.uzone.id
lintaslampung.com,www.lintaslampung.com
Minangsatu.com,www.minangsatu.com
Pinterpolitik.com,www.pinterpolitik.com
Tirto.id,www.tirto.id
SUARAMERDEKA.COM,www.suaramerdeka.com
Suara.com,https://www.suara.com/
Ipotnews,"https://ipotnews.com, atau indopremier.com/ipotnews/"
SUMATERAPOST.CO,https://sumaterapost.co/
bisnisbandung.com,Bisnisbandung.com
TangerangOnline.id,https://tangerangonline.id/
beritabali.com,www.beritabali.com
detik.com,www.detik.com
batampos.co.id,batampos.co.id
kabarbatam.com,www.kabarbatam.com
lenterasultra.com,redaksilentera29@gmail.com
TribunJabar.id,https://jabar.tribunnews.com/
SultraKini.com,www.sultrakini.com
Law-Justice.co,law-justice.co
tribun-bali.com,www.tribun-bali.com
Jambiupdate.co,jambiupdate.co
Beritamusi.co.id,www.beritamusi.co.id
mattanews.co,www.mattanews.co
JARRAKPOS.com,www.jarrakpos.com
Rakyatku.com,WWW.Rakyatku.com
jabarnews.com,www.jabarnews.com
Suarakalbar.co.id,www.suarakalbar.co.id
inilahkoran.id,www.inilahkoran.id
Pariamantoday.com,www.pariamantoday.com
bertuahpos.com,www.bertuahpos.com
laraspostonline.com,www.laraspostonline.com
Beritakini.co,WWW.BERITAKINI.CO
Beritaterbit.com,https://www.beritaterbit.com/
klikpositif.com,www.klikpositif.com
jodanews.com,www.jodanews.com
kordanews.com,http://kordanews.com
bengkuluinteraktif.com,https://www.bengkuluinteraktif.com/
Potretnews.com,www.potretnews.com
Galamedianews.com,wartawangm@gmail.com
